"Name","Series","Family","Number","Suffix","Dash","At","Star","File","Nd","Vd"
"H-FK55","H","FK","55","",,,,"CDGM-ZEMAX202409.txt","1.5502","75.224681"
"H-FK61","H","FK","61","",,,,"CDGM-ZEMAX202409.txt","1.497","81.612838"
"H-FK61B","H","FK","61","B",,,,"CDGM-ZEMAX202409.txt","1.497","81.605419"
"H-FK71","H","FK","71","",,,,"CDGM-ZEMAX202409.txt","1.4565","90.273821"
"H-FK95N","H","FK","95","N",,,,"CDGM-ZEMAX202409.txt","1.4378","94.523389"
"H-QK1","H","QK","1","",,,,"CDGM-ZEMAX202409.txt","1.47047","66.876032"
"H-QK3L","H","QK","3","L",,,,"CDGM-ZEMAX202409.txt","1.48749","70.440487"
"H-K1","H","K","1","",,,,"CDGM-ZEMAX202409.txt","1.49967","62.071979"
"H-K2","H","K","2","",,,,"CDGM-ZEMAX202409.txt","1.50047","66.020774"
"H-K3","H","K","3","",,,,"CDGM-ZEMAX202409.txt","1.50463","64.720718"
"K4A",,"K","4","A",,,,"CDGM-ZEMAX202409.txt","1.50802","61.052897"
"H-K5","H","K","5","",,,,"CDGM-ZEMAX202409.txt","1.510072","63.364525"
"H-K6","H","K","6","",,,,"CDGM-ZEMAX202409.txt","1.511125","60.478905"
"H-K7","H","K","7","",,,,"CDGM-ZEMAX202409.txt","1.51478","60.634896"
"H-K8","H","K","8","",,,,"CDGM-ZEMAX202409.txt","1.51602","56.794825"
"H-K9L","H","K","9","L",,,,"CDGM-ZEMAX202409.txt","1.5168","64.198732"
"H-K9LGT","H","K","9","LGT",,,,"CDGM-ZEMAX202409.txt","1.5168","64.198732"
"H-K9L*","H","K","9","L",,,"*","CDGM-ZEMAX202409.txt","1.5168","64.198732"
"H-K9LA","H","K","9","LA",,,,"CDGM-ZEMAX202409.txt","1.5168","64.198695"
"H-K9LAGT","H","K","9","LAGT",,,,"CDGM-ZEMAX202409.txt","1.5168","64.198695"
"H-K10","H","K","10","",,,,"CDGM-ZEMAX202409.txt","1.51818","58.949331"
"H-K11","H","K","11","",,,,"CDGM-ZEMAX202409.txt","1.52638","60.15737"
"H-K12","H","K","12","",,,,"CDGM-ZEMAX202409.txt","1.533589","55.469983"
"H-K50","H","K","50","",,,,"CDGM-ZEMAX202409.txt","1.52249","59.480754"
"H-K51","H","K","51","",,,,"CDGM-ZEMAX202409.txt","1.52307","58.639792"
"H-ZPK1A","H","ZPK","1","A",,,,"CDGM-ZEMAX202409.txt","1.618","63.392702"
"H-ZPK2A","H","ZPK","2","A",,,,"CDGM-ZEMAX202409.txt","1.603001","65.45962"
"H-ZPK3","H","ZPK","3","",,,,"CDGM-ZEMAX202409.txt","1.59349","67.285372"
"H-ZPK5","H","ZPK","5","",,,,"CDGM-ZEMAX202409.txt","1.5928","68.342024"
"H-ZPK7","H","ZPK","7","",,,,"CDGM-ZEMAX202409.txt","1.56907","71.304254"
"H-BAK1","H","BAK","1","",,,,"CDGM-ZEMAX202409.txt","1.53028","60.466139"
"H-BAK2","H","BAK","2","",,,,"CDGM-ZEMAX202409.txt","1.53996","59.724182"
"H-BAK3","H","BAK","3","",,,,"CDGM-ZEMAX202409.txt","1.54678","62.776077"
"H-BAK4","H","BAK","4","",,,,"CDGM-ZEMAX202409.txt","1.55248","63.36549"
"H-BAK5","H","BAK","5","",,,,"CDGM-ZEMAX202409.txt","1.56069","58.344731"
"H-BAK6","H","BAK","6","",,,,"CDGM-ZEMAX202409.txt","1.56388","60.764747"
"H-BAK7","H","BAK","7","",,,,"CDGM-ZEMAX202409.txt","1.56883","56.041308"
"H-BAK7GT","H","BAK","7","GT",,,,"CDGM-ZEMAX202409.txt","1.56883","56.041308"
"H-BAK8","H","BAK","8","",,,,"CDGM-ZEMAX202409.txt","1.5725","57.486797"
"H-ZK1","H","ZK","1","",,,,"CDGM-ZEMAX202409.txt","1.56888","62.95699"
"H-ZK2","H","ZK","2","",,,,"CDGM-ZEMAX202409.txt","1.58313","59.460082"
"H-ZK3","H","ZK","3","",,,,"CDGM-ZEMAX202409.txt","1.58913","61.253571"
"H-ZK3A","H","ZK","3","A",,,,"CDGM-ZEMAX202409.txt","1.58913","61.2531"
"H-ZK4","H","ZK","4","",,,,"CDGM-ZEMAX202409.txt","1.60881","58.855991"
"H-ZK5","H","ZK","5","",,,,"CDGM-ZEMAX202409.txt","1.61117","55.772437"
"H-ZK6","H","ZK","6","",,,,"CDGM-ZEMAX202409.txt","1.61272","58.577083"
"H-ZK7A","H","ZK","7","A",,,,"CDGM-ZEMAX202409.txt","1.61309","60.355862"
"H-ZK8","H","ZK","8","",,,,"CDGM-ZEMAX202409.txt","1.61405","55.116283"
"H-ZK9B","H","ZK","9","B",,,,"CDGM-ZEMAX202409.txt","1.62041","60.339343"
"H-ZK9A","H","ZK","9","A",,,,"CDGM-ZEMAX202409.txt","1.620412","60.368242"
"H-ZK10","H","ZK","10","",,,,"CDGM-ZEMAX202409.txt","1.6221","56.709831"
"H-ZK10L","H","ZK","10","L",,,,"CDGM-ZEMAX202409.txt","1.6228","56.913492"
"H-ZK11","H","ZK","11","",,,,"CDGM-ZEMAX202409.txt","1.63854","55.446553"
"H-ZK14","H","ZK","14","",,,,"CDGM-ZEMAX202409.txt","1.60311","60.603787"
"H-ZK20","H","ZK","20","",,,,"CDGM-ZEMAX202409.txt","1.6172","53.913743"
"H-ZK21","H","ZK","21","",,,,"CDGM-ZEMAX202409.txt","1.62299","58.120667"
"H-ZK50","H","ZK","50","",,,,"CDGM-ZEMAX202409.txt","1.60738","56.654511"
"H-ZK50GT","H","ZK","50","GT",,,,"CDGM-ZEMAX202409.txt","1.60738","56.654511"
"H-LAK1","H","LAK","1","",,,,"CDGM-ZEMAX202409.txt","1.6595","57.34726"
"H-LAK2A","H","LAK","2","A",,,,"CDGM-ZEMAX202409.txt","1.69211","54.539198"
"H-LAK3","H","LAK","3","",,,,"CDGM-ZEMAX202409.txt","1.74693","50.950085"
"H-LAK4L","H","LAK","4","L",,,,"CDGM-ZEMAX202409.txt","1.64","60.202769"
"H-LAK5A","H","LAK","5","A",,,,"CDGM-ZEMAX202409.txt","1.6779","55.51497"
"H-LAK6A","H","LAK","6","A",,,,"CDGM-ZEMAX202409.txt","1.6935","53.380441"
"H-LAK7A","H","LAK","7","A",,,,"CDGM-ZEMAX202409.txt","1.713","53.832974"
"H-LAK8B","H","LAK","8","B",,,,"CDGM-ZEMAX202409.txt","1.72","50.280736"
"H-LAK8A","H","LAK","8","A",,,,"CDGM-ZEMAX202409.txt","1.72","50.343857"
"H-LAK10","H","LAK","10","",,,,"CDGM-ZEMAX202409.txt","1.65113","55.890872"
"H-LAK11","H","LAK","11","",,,,"CDGM-ZEMAX202409.txt","1.66461","54.612239"
"H-LAK12","H","LAK","12","",,,,"CDGM-ZEMAX202409.txt","1.6968","56.175305"
"H-LAK50A","H","LAK","50","A",,,,"CDGM-ZEMAX202409.txt","1.6516","58.403057"
"H-LAK51A","H","LAK","51","A",,,,"CDGM-ZEMAX202409.txt","1.6968","55.526357"
"H-LAK52","H","LAK","52","",,,,"CDGM-ZEMAX202409.txt","1.72916","54.684737"
"H-LAK53B","H","LAK","53","B",,,,"CDGM-ZEMAX202409.txt","1.755","52.322058"
"H-LAK53A","H","LAK","53","A",,,,"CDGM-ZEMAX202409.txt","1.755","52.320574"
"H-LAK54","H","LAK","54","",,,,"CDGM-ZEMAX202409.txt","1.734","51.485829"
"H-LAK59A","H","LAK","59","A",,,,"CDGM-ZEMAX202409.txt","1.691","54.815309"
"H-LAK61","H","LAK","61","",,,,"CDGM-ZEMAX202409.txt","1.740999","52.676196"
"H-LAK67","H","LAK","67","",,,,"CDGM-ZEMAX202409.txt","1.67","51.738482"
"H-LAK71","H","LAK","71","",,,,"CDGM-ZEMAX202409.txt","1.703","52.406734"
"H-LAK72","H","LAK","72","",,,,"CDGM-ZEMAX202409.txt","1.713","51.80665"
"H-TK9","H","TK","9","",,,,"CDGM-ZEMAX202409.txt","1.62075","60.300914"
"H-KF6","H","KF","6","",,,,"CDGM-ZEMAX202409.txt","1.51742","52.149249"
"H-QF1","H","QF","1","",,,,"CDGM-ZEMAX202409.txt","1.54814","45.820011"
"H-QF3","H","QF","3","",,,,"CDGM-ZEMAX202409.txt","1.57501","41.504715"
"H-QF6A","H","QF","6","A",,,,"CDGM-ZEMAX202409.txt","1.53172","48.839833"
"H-QF8","H","QF","8","",,,,"CDGM-ZEMAX202409.txt","1.54072","47.230007"
"H-QF14","H","QF","14","",,,,"CDGM-ZEMAX202409.txt","1.59551","39.222748"
"H-QF50","H","QF","50","",,,,"CDGM-ZEMAX202409.txt","1.58144","40.888972"
"H-QF50A","H","QF","50","A",,,,"CDGM-ZEMAX202409.txt","1.58144","40.746424"
"QF50",,"QF","50","",,,,"CDGM-ZEMAX202409.txt","1.58144","40.885954"
"H-QF56","H","QF","56","",,,,"CDGM-ZEMAX202409.txt","1.56732","42.810117"
"H-F1","H","F","1","",,,,"CDGM-ZEMAX202409.txt","1.60342","38.010877"
"H-F2","H","F","2","",,,,"CDGM-ZEMAX202409.txt","1.61293","37.004441"
"H-F3","H","F","3","",,,,"CDGM-ZEMAX202409.txt","1.61659","36.651688"
"H-F4","H","F","4","",,,,"CDGM-ZEMAX202409.txt","1.62005","36.345886"
"H-F5","H","F","5","",,,,"CDGM-ZEMAX202409.txt","1.62435","35.923444"
"H-F6","H","F","6","",,,,"CDGM-ZEMAX202409.txt","1.62495","35.585173"
"H-F13","H","F","13","",,,,"CDGM-ZEMAX202409.txt","1.62588","35.698971"
"H-F51","H","F","51","",,,,"CDGM-ZEMAX202409.txt","1.6398","34.46457"
"H-F52","H","F","52","",,,,"CDGM-ZEMAX202409.txt","1.61385","34.604703"
"H-BAF2","H","BAF","2","",,,,"CDGM-ZEMAX202409.txt","1.5697","49.452646"
"H-BAF3","H","BAF","3","",,,,"CDGM-ZEMAX202409.txt","1.57957","53.711637"
"H-BAF4","H","BAF","4","",,,,"CDGM-ZEMAX202409.txt","1.58267","46.597786"
"H-BAF5","H","BAF","5","",,,,"CDGM-ZEMAX202409.txt","1.60562","43.875621"
"H-BAF6","H","BAF","6","",,,,"CDGM-ZEMAX202409.txt","1.60801","46.202418"
"H-BAF7","H","BAF","7","",,,,"CDGM-ZEMAX202409.txt","1.61413","39.985319"
"H-BAF8","H","BAF","8","",,,,"CDGM-ZEMAX202409.txt","1.62604","39.071631"
"H-ZBAF1","H","ZBAF","1","",,,,"CDGM-ZEMAX202409.txt","1.6223","53.170869"
"H-ZBAF3","H","ZBAF","3","",,,,"CDGM-ZEMAX202409.txt","1.65691","51.12138"
"H-ZBAF4","H","ZBAF","4","",,,,"CDGM-ZEMAX202409.txt","1.66426","35.484251"
"H-ZBAF5","H","ZBAF","5","",,,,"CDGM-ZEMAX202409.txt","1.67103","47.288963"
"H-ZBAF16","H","ZBAF","16","",,,,"CDGM-ZEMAX202409.txt","1.66672","48.421731"
"H-ZBAF20","H","ZBAF","20","",,,,"CDGM-ZEMAX202409.txt","1.70154","41.148468"
"H-ZBAF21","H","ZBAF","21","",,,,"CDGM-ZEMAX202409.txt","1.72341","37.991564"
"H-ZBAF50","H","ZBAF","50","",,,,"CDGM-ZEMAX202409.txt","1.65844","50.852265"
"H-ZBAF52","H","ZBAF","52","",,,,"CDGM-ZEMAX202409.txt","1.67003","47.19506"
"H-ZF1","H","ZF","1","",,,,"CDGM-ZEMAX202409.txt","1.64769","33.840317"
"H-ZF1A","H","ZF","1","A",,,,"CDGM-ZEMAX202409.txt","1.64769","33.887993"
"H-ZF2","H","ZF","2","",,,,"CDGM-ZEMAX202409.txt","1.6727","32.171186"
"H-ZF3","H","ZF","3","",,,,"CDGM-ZEMAX202409.txt","1.71736","29.49911"
"H-ZF4A","H","ZF","4","A",,,,"CDGM-ZEMAX202409.txt","1.72825","28.318797"
"H-ZF4AGT","H","ZF","4","AGT",,,,"CDGM-ZEMAX202409.txt","1.72825","28.318797"
"H-ZF5","H","ZF","5","",,,,"CDGM-ZEMAX202409.txt","1.74","28.295649"
"H-ZF6","H","ZF","6","",,,,"CDGM-ZEMAX202409.txt","1.7552","27.530047"
"ZF6",,"ZF","6","",,,,"CDGM-ZEMAX202409.txt","1.755205","27.546239"
"H-ZF7LA","H","ZF","7","LA",,,,"CDGM-ZEMAX202409.txt","1.80518","25.456256"
"H-ZF7LAGT","H","ZF","7","LAGT",,,,"CDGM-ZEMAX202409.txt","1.80518","25.456256"
"ZF7",,"ZF","7","",,,,"CDGM-ZEMAX202409.txt","1.806277","25.380144"
"ZF7L",,"ZF","7","L",,,,"CDGM-ZEMAX202409.txt","1.80519","25.471232"
"ZF7LGT",,"ZF","7","LGT",,,,"CDGM-ZEMAX202409.txt","1.80519","25.471232"
"ZF7LTT",,"ZF","7","LTT",,,,"CDGM-ZEMAX202409.txt","1.80519","25.471232"
"H-ZF10","H","ZF","10","",,,,"CDGM-ZEMAX202409.txt","1.68893","31.16057"
"H-ZF11","H","ZF","11","",,,,"CDGM-ZEMAX202409.txt","1.69894","30.05045"
"H-ZF12","H","ZF","12","",,,,"CDGM-ZEMAX202409.txt","1.76182","26.607986"
"H-ZF13","H","ZF","13","",,,,"CDGM-ZEMAX202409.txt","1.78472","25.720045"
"H-ZF13GT","H","ZF","13","GT",,,,"CDGM-ZEMAX202409.txt","1.78472","25.720045"
"H-ZF39","H","ZF","39","",,,,"CDGM-ZEMAX202409.txt","1.6668","33.053728"
"H-ZF50","H","ZF","50","",,,,"CDGM-ZEMAX202409.txt","1.74077","27.760063"
"H-ZF52","H","ZF","52","",,,,"CDGM-ZEMAX202409.txt","1.84666","23.784497"
"H-ZF52GT","H","ZF","52","GT",,,,"CDGM-ZEMAX202409.txt","1.84666","23.784497"
"H-ZF52TT","H","ZF","52","TT",,,,"CDGM-ZEMAX202409.txt","1.84666","23.784497"
"H-ZF62","H","ZF","62","",,,,"CDGM-ZEMAX202409.txt","1.92286","20.879915"
"H-ZF62GT","H","ZF","62","GT",,,,"CDGM-ZEMAX202409.txt","1.92286","20.879915"
"H-ZF71","H","ZF","71","",,,,"CDGM-ZEMAX202409.txt","1.8081","22.698087"
"H-ZF71GT","H","ZF","71","GT",,,,"CDGM-ZEMAX202409.txt","1.8081","22.698087"
"H-ZF72A","H","ZF","72","A",,,,"CDGM-ZEMAX202409.txt","1.92286","18.895887"
"H-ZF72AGT","H","ZF","72","AGT",,,,"CDGM-ZEMAX202409.txt","1.92286","18.895887"
"H-ZF73","H","ZF","73","",,,,"CDGM-ZEMAX202409.txt","1.95906","17.472434"
"H-ZF73GT","H","ZF","73","GT",,,,"CDGM-ZEMAX202409.txt","1.95906","17.472434"
"H-ZF88","H","ZF","88","",,,,"CDGM-ZEMAX202409.txt","1.94595","17.941964"
"H-ZF88GT","H","ZF","88","GT",,,,"CDGM-ZEMAX202409.txt","1.94595","17.941964"
"H-LAF1","H","LAF","1","",,,,"CDGM-ZEMAX202409.txt","1.69362","49.193837"
"H-LAF2","H","LAF","2","",,,,"CDGM-ZEMAX202409.txt","1.717","47.888609"
"H-LAF3B","H","LAF","3","B",,,,"CDGM-ZEMAX202409.txt","1.744","44.900027"
"H-LAF4","H","LAF","4","",,,,"CDGM-ZEMAX202409.txt","1.7495","34.989266"
"H-LAF4GT","H","LAF","4","GT",,,,"CDGM-ZEMAX202409.txt","1.7495","34.989266"
"H-LAFL5","H","LAFL","5","",,,,"CDGM-ZEMAX202409.txt","1.75367","37.491665"
"H-LAF6LA","H","LAF","6","LA",,,,"CDGM-ZEMAX202409.txt","1.757","47.711817"
"H-LAF7","H","LAF","7","",,,,"CDGM-ZEMAX202409.txt","1.78179","37.092107"
"H-LAF10LA","H","LAF","10","LA",,,,"CDGM-ZEMAX202409.txt","1.788","47.491731"
"H-LAF50B","H","LAF","50","B",,,,"CDGM-ZEMAX202409.txt","1.7725","49.598996"
"H-LAF51","H","LAF","51","",,,,"CDGM-ZEMAX202409.txt","1.7","48.079839"
"H-LAF52","H","LAF","52","",,,,"CDGM-ZEMAX202409.txt","1.7859","44.187159"
"H-LAF53","H","LAF","53","",,,,"CDGM-ZEMAX202409.txt","1.7433","49.221808"
"H-LAF54","H","LAF","54","",,,,"CDGM-ZEMAX202409.txt","1.799519","42.253294"
"H-LAF55","H","LAF","55","",,,,"CDGM-ZEMAX202409.txt","1.762","40.105472"
"H-LAF62","H","LAF","62","",,,,"CDGM-ZEMAX202409.txt","1.72","43.680739"
"H-ZLAF1","H","ZLAF","1","",,,,"CDGM-ZEMAX202409.txt","1.80166","44.263459"
"H-ZLAF2A","H","ZLAF","2","A",,,,"CDGM-ZEMAX202409.txt","1.80279","46.761307"
"H-ZLAF3","H","ZLAF","3","",,,,"CDGM-ZEMAX202409.txt","1.855449","36.59805"
"H-ZLAF4LA","H","ZLAF","4","LA",,,,"CDGM-ZEMAX202409.txt","1.91082","35.25034"
"H-ZLAF4LB","H","ZLAF","4","LB",,,,"CDGM-ZEMAX202409.txt","1.91082","35.282389"
"H-ZLAF50E","H","ZLAF","50","E",,,,"CDGM-ZEMAX202409.txt","1.804","46.574487"
"H-ZLAF50D","H","ZLAF","50","D",,,,"CDGM-ZEMAX202409.txt","1.804","46.575016"
"H-ZLAF51","H","ZLAF","51","",,,,"CDGM-ZEMAX202409.txt","1.8045","39.635248"
"H-ZLAF52A","H","ZLAF","52","A",,,,"CDGM-ZEMAX202409.txt","1.8061","41.016887"
"H-ZLAF52","H","ZLAF","52","",,,,"CDGM-ZEMAX202409.txt","1.806099","40.945389"
"H-ZLAF53B","H","ZLAF","53","B",,,,"CDGM-ZEMAX202409.txt","1.834","37.210555"
"H-ZLAF53BGT","H","ZLAF","53","BGT",,,,"CDGM-ZEMAX202409.txt","1.834","37.210555"
"H-ZLAF55D","H","ZLAF","55","D",,,,"CDGM-ZEMAX202409.txt","1.83481","42.725177"
"H-ZLAF55C","H","ZLAF","55","C",,,,"CDGM-ZEMAX202409.txt","1.83481","42.711575"
"H-ZLAF56B","H","ZLAF","56","B",,,,"CDGM-ZEMAX202409.txt","1.8061","33.268324"
"H-ZLAF66","H","ZLAF","66","",,,,"CDGM-ZEMAX202409.txt","1.801","34.966919"
"H-ZLAF66GT","H","ZLAF","66","GT",,,,"CDGM-ZEMAX202409.txt","1.801","34.966919"
"H-ZLAF68C","H","ZLAF","68","C",,,,"CDGM-ZEMAX202409.txt","1.883","40.847465"
"H-ZLAF68N","H","ZLAF","68","N",,,,"CDGM-ZEMAX202409.txt","1.883","39.2182"
"H-ZLAF69","H","ZLAF","69","",,,,"CDGM-ZEMAX202409.txt","1.816","46.5493"
"H-ZLAF69A","H","ZLAF","69","A",,,,"CDGM-ZEMAX202409.txt","1.816","46.556066"
"H-ZLAF71","H","ZLAF","71","",,,,"CDGM-ZEMAX202409.txt","1.85026","32.297288"
"H-ZLAF71AGT","H","ZLAF","71","AGT",,,,"CDGM-ZEMAX202409.txt","1.85026","32.216801"
"H-ZLAF73","H","ZLAF","73","",,,,"CDGM-ZEMAX202409.txt","1.881","40.161331"
"H-ZLAF75A","H","ZLAF","75","A",,,,"CDGM-ZEMAX202409.txt","1.90366","31.31497"
"H-ZLAF75B","H","ZLAF","75","B",,,,"CDGM-ZEMAX202409.txt","1.90366","31.418411"
"H-ZLAF75C","H","ZLAF","75","C",,,,"CDGM-ZEMAX202409.txt","1.90366","31.357126"
"H-ZLAF76","H","ZLAF","76","",,,,"CDGM-ZEMAX202409.txt","1.85013","30.055517"
"H-ZLAF76A","H","ZLAF","76","A",,,,"CDGM-ZEMAX202409.txt","1.85013","30.012319"
"H-ZLAF78B","H","ZLAF","78","B",,,,"CDGM-ZEMAX202409.txt","1.90069","37.050531"
"H-ZLAF89L","H","ZLAF","89","L",,,,"CDGM-ZEMAX202409.txt","1.95375","32.30879"
"H-ZLAF89LA","H","ZLAF","89","LA",,,,"CDGM-ZEMAX202409.txt","1.95375","32.276235"
"H-ZLAF90","H","ZLAF","90","",,,,"CDGM-ZEMAX202409.txt","2.00069","25.425752"
"H-ZLAF90A","H","ZLAF","90","A",,,,"CDGM-ZEMAX202409.txt","2.00069","25.458056"
"H-ZLAF91","H","ZLAF","91","",,,,"CDGM-ZEMAX202409.txt","2.001","29.151347"
"H-ZLAF92","H","ZLAF","92","",,,,"CDGM-ZEMAX202409.txt","2.0033","28.316305"
"H-ZLAF92A","H","ZLAF","92","A",,,,"CDGM-ZEMAX202409.txt","2.0033","28.275906"
"H-ZLAF96","H","ZLAF","96","",,,,"CDGM-ZEMAX202409.txt","2.0509","26.985858"
"H-TF3L","H","TF","3","L",,,,"CDGM-ZEMAX202409.txt","1.6134","44.107022"
"H-TF5","H","TF","5","",,,,"CDGM-ZEMAX202409.txt","1.6541","39.539424"
"D-FK61","D","FK","61","",,,,"CDGM-ZEMAX202409.txt","1.497","81.611615"
"D-FK61-25","D","FK","61","","25",,,"CDGM-ZEMAX202409.txt","1.49653","81.531772"
"D-FK61A","D","FK","61","A",,,,"CDGM-ZEMAX202409.txt","1.497","81.605419"
"D-FK61A-25","D","FK","61","A","25",,,"CDGM-ZEMAX202409.txt","1.49665","81.549116"
"D-FK95","D","FK","95","",,,,"CDGM-ZEMAX202409.txt","1.4378","94.523389"
"D-FK95-25","D","FK","95","","25",,,"CDGM-ZEMAX202409.txt","1.43744","94.438841"
"D-QK3L","D","QK","3","L",,,,"CDGM-ZEMAX202409.txt","1.48749","70.440487"
"D-QK3L-25","D","QK","3","L","25",,,"CDGM-ZEMAX202409.txt","1.48687","70.417086"
"D-K9","D","K","9","",,,,"CDGM-ZEMAX202409.txt","1.51633","64.058952"
"D-K9-25","D","K","9","","25",,,"CDGM-ZEMAX202409.txt","1.51577","63.989637"
"D-K9GT","D","K","9","GT",,,,"CDGM-ZEMAX202409.txt","1.51633","64.058952"
"D-K9GT-25","D","K","9","GT","25",,,"CDGM-ZEMAX202409.txt","1.51577","63.989637"
"D-K59","D","K","59","",,,,"CDGM-ZEMAX202409.txt","1.5176","63.499991"
"D-K59-25","D","K","59","","25",,,"CDGM-ZEMAX202409.txt","1.51698","63.4085"
"D-PK3","D","PK","3","",,,,"CDGM-ZEMAX202409.txt","1.525","70.370578"
"D-PK3-25","D","PK","3","","25",,,"CDGM-ZEMAX202409.txt","1.52368","70.274839"
"D-ZPK1A","D","ZPK","1","A",,,,"CDGM-ZEMAX202409.txt","1.62087","63.828532"
"D-ZPK1A-25","D","ZPK","1","A","25",,,"CDGM-ZEMAX202409.txt","1.61999","63.763831"
"D-ZPK3","D","ZPK","3","",,,,"CDGM-ZEMAX202409.txt","1.59419","67.295385"
"D-ZPK3-25","D","ZPK","3","","25",,,"CDGM-ZEMAX202409.txt","1.59327","67.22642"
"D-ZPK5","D","ZPK","5","",,,,"CDGM-ZEMAX202409.txt","1.5928","68.342024"
"D-ZPK5-25","D","ZPK","5","","25",,,"CDGM-ZEMAX202409.txt","1.59216","68.281511"
"D-ZPK7","D","ZPK","7","",,,,"CDGM-ZEMAX202409.txt","1.56907","71.304254"
"D-ZPK7-25","D","ZPK","7","","25",,,"CDGM-ZEMAX202409.txt","1.56854","71.235367"
"D-ZK2","D","ZK","2","",,,,"CDGM-ZEMAX202409.txt","1.58313","59.381686"
"D-ZK2-25","D","ZK","2","","25",,,"CDGM-ZEMAX202409.txt","1.58241","59.308255"
"D-ZK2A","D","ZK","2","A",,,,"CDGM-ZEMAX202409.txt","1.58313","59.539751"
"D-ZK2A-25","D","ZK","2","A","25",,,"CDGM-ZEMAX202409.txt","1.58229","59.453631"
"D-ZK2L","D","ZK","2","L",,,,"CDGM-ZEMAX202409.txt","1.587","59.600321"
"D-ZK2L-25","D","ZK","2","L","25",,,"CDGM-ZEMAX202409.txt","1.58625","59.524868"
"D-ZK3","D","ZK","3","",,,,"CDGM-ZEMAX202409.txt","1.58913","61.152901"
"D-ZK3-25","D","ZK","3","","25",,,"CDGM-ZEMAX202409.txt","1.58833","61.284362"
"D-ZK3A","D","ZK","3","A",,,,"CDGM-ZEMAX202409.txt","1.58913","61.101573"
"D-ZK3A-25","D","ZK","3","A","25",,,"CDGM-ZEMAX202409.txt","1.58828","61.012484"
"D-ZK3L","D","ZK","3","L",,,,"CDGM-ZEMAX202409.txt","1.5917","60.701147"
"D-ZK3L-25","D","ZK","3","L","25",,,"CDGM-ZEMAX202409.txt","1.5909","60.618517"
"D-ZK21","D","ZK","21","",,,,"CDGM-ZEMAX202409.txt","1.62446","58.207924"
"D-ZK21-25","D","ZK","21","","25",,,"CDGM-ZEMAX202409.txt","1.62346","58.115078"
"D-ZK79","D","ZK","79","",,,,"CDGM-ZEMAX202409.txt","1.60886","57.895896"
"D-ZK79-25","D","ZK","79","","25",,,"CDGM-ZEMAX202409.txt","1.60809","57.820851"
"D-LAK5","D","LAK","5","",,,,"CDGM-ZEMAX202409.txt","1.6779","54.889665"
"D-LAK5-25","D","LAK","5","","25",,,"CDGM-ZEMAX202409.txt","1.67686","54.805426"
"D-LAK6","D","LAK","6","",,,,"CDGM-ZEMAX202409.txt","1.69384","53.128245"
"D-LAK6-25","D","LAK","6","","25",,,"CDGM-ZEMAX202409.txt","1.69281","53.049215"
"D-LAK52","D","LAK","52","",,,,"CDGM-ZEMAX202409.txt","1.7305","53.944268"
"D-LAK52-25","D","LAK","52","","25",,,"CDGM-ZEMAX202409.txt","1.72924","53.851219"
"D-LAK70","D","LAK","70","",,,,"CDGM-ZEMAX202409.txt","1.6691","55.389689"
"D-LAK70-25","D","LAK","70","","25",,,"CDGM-ZEMAX202409.txt","1.668","55.295752"
"D-ZF10","D","ZF","10","",,,,"CDGM-ZEMAX202409.txt","1.68893","31.077677"
"D-ZF10-25","D","ZF","10","","25",,,"CDGM-ZEMAX202409.txt","1.68731","31.183804"
"D-ZF93","D","ZF","93","",,,,"CDGM-ZEMAX202409.txt","2.0017","20.700195"
"D-ZF93-25","D","ZF","93","","25",,,"CDGM-ZEMAX202409.txt","1.9998","20.686444"
"D-LAF50","D","LAF","50","",,,,"CDGM-ZEMAX202409.txt","1.774","49.590362"
"D-LAF50-25","D","LAF","50","","25",,,"CDGM-ZEMAX202409.txt","1.77288","49.519338"
"D-LAF050","D","LAF","050","",,,,"CDGM-ZEMAX202409.txt","1.76842","49.28216"
"D-LAF050-25","D","LAF","050","","25",,,"CDGM-ZEMAX202409.txt","1.76709","49.197491"
"D-LAF53","D","LAF","53","",,,,"CDGM-ZEMAX202409.txt","1.7433","49.325949"
"D-LAF53-25","D","LAF","53","","25",,,"CDGM-ZEMAX202409.txt","1.7421","49.246024"
"D-LAF79","D","LAF","79","",,,,"CDGM-ZEMAX202409.txt","1.73077","40.508021"
"D-LAF79-25","D","LAF","79","","25",,,"CDGM-ZEMAX202409.txt","1.72986","40.497566"
"D-ZLAF50","D","ZLAF","50","",,,,"CDGM-ZEMAX202409.txt","1.80337","45.491557"
"D-ZLAF50-25","D","ZLAF","50","","25",,,"CDGM-ZEMAX202409.txt","1.80225","45.452746"
"D-ZLAF52LA","D","ZLAF","52","LA",,,,"CDGM-ZEMAX202409.txt","1.81","40.992863"
"D-ZLAF52LA-25","D","ZLAF","52","LA","25",,,"CDGM-ZEMAX202409.txt","1.80882","40.970313"
"D-ZLAF61","D","ZLAF","61","",,,,"CDGM-ZEMAX202409.txt","1.82241","42.714541"
"D-ZLAF61-25","D","ZLAF","61","","25",,,"CDGM-ZEMAX202409.txt","1.82131","42.674895"
"D-ZLAF67","D","ZLAF","67","",,,,"CDGM-ZEMAX202409.txt","1.88385","37.198899"
"D-ZLAF67-25","D","ZLAF","67","","25",,,"CDGM-ZEMAX202409.txt","1.88259","37.185491"
"D-ZLAF81","D","ZLAF","81","",,,,"CDGM-ZEMAX202409.txt","1.8088","40.999441"
"D-ZLAF81-25","D","ZLAF","81","","25",,,"CDGM-ZEMAX202409.txt","1.80757","40.97334"
"D-ZLAF85A","D","ZLAF","85","A",,,,"CDGM-ZEMAX202409.txt","1.85222","40.10819"
"D-ZLAF85A-25","D","ZLAF","85","A","25",,,"CDGM-ZEMAX202409.txt","1.8511","40.055609"
"D-ZLAF85LN","D","ZLAF","85","LN",,,,"CDGM-ZEMAX202409.txt","1.84558","40.094322"
"D-ZLAF85LN-25","D","ZLAF","85","LN","25",,,"CDGM-ZEMAX202409.txt","1.84443","40.067973"
"D-ZLAF85L","D","ZLAF","85","L",,,,"CDGM-ZEMAX202409.txt","1.8537","40.579411"
"D-ZLAF85L-25","D","ZLAF","85","L","25",,,"CDGM-ZEMAX202409.txt","1.8526","40.534071"
"D-ZLAF85LS","D","ZLAF","85","LS",,,,"CDGM-ZEMAX202409.txt","1.8545","40.593546"
"D-ZLAF85LS-25","D","ZLAF","85","LS","25",,,"CDGM-ZEMAX202409.txt","1.85344","40.557917"
"H-FK61GTI","H","FK","61","GTI",,,,"CDGM-ZEMAX202409.txt","1.497","81.612838"
"H-QK3LGTI","H","QK","3","LGTI",,,,"CDGM-ZEMAX202409.txt","1.48749","70.440487"
"H-QK30GTI","H","QK","30","GTI",,,,"CDGM-ZEMAX202409.txt","1.48217","70.299764"
"H-K90GTI","H","K","90","GTI",,,,"CDGM-ZEMAX202409.txt","1.51948","63.291634"
"QF50GTI",,"QF","50","GTI",,,,"CDGM-ZEMAX202409.txt","1.58144","40.885954"
"F4GTI",,"F","4","GTI",,,,"CDGM-ZEMAX202409.txt","1.62005","36.430327"
"HWS1",,"HWS","1","",,,,"CDGM-ZEMAX202409.txt","0","4.68"
"HWS2",,"HWS","2","",,,,"CDGM-ZEMAX202409.txt","0","4.71"
"HWS3",,"HWS","3","",,,,"CDGM-ZEMAX202409.txt","0","4.42"
"HWS4",,"HWS","4","",,,,"CDGM-ZEMAX202409.txt","0","4.41"
"HWS5",,"HWS","5","",,,,"CDGM-ZEMAX202409.txt","0","4.47"
"HWS6",,"HWS","6","",,,,"CDGM-ZEMAX202409.txt","0","4.63"
"HWS7",,"HWS","7","",,,,"CDGM-ZEMAX202409.txt","0","4.84"
"HWS27",,"HWS","27","",,,,"CDGM-ZEMAX202409.txt","0","3.2"
"H-FK71A","H","FK","71","A",,,,"CDGM-ZEMAX202409.txt","1.456498","90.470884"
"H-BAK7A","H","BAK","7","A",,,,"CDGM-ZEMAX202409.txt","1.568828","56.127804"
"H-ZK7","H","ZK","7","",,,,"CDGM-ZEMAX202409.txt","1.613095","60.614383"
"QF1",,"QF","1","",,,,"CDGM-ZEMAX202409.txt","1.5481","45.886233"
"QF3",,"QF","3","",,,,"CDGM-ZEMAX202409.txt","1.575026","41.29692"
"QF5",,"QF","5","",,,,"CDGM-ZEMAX202409.txt","1.582153","42.039634"
"QF6",,"QF","6","",,,,"CDGM-ZEMAX202409.txt","1.531719","48.755584"
"QF8",,"QF","8","",,,,"CDGM-ZEMAX202409.txt","1.540718","47.198243"
"F1",,"F","1","",,,,"CDGM-ZEMAX202409.txt","1.603417","38.01487"
"F2",,"F","2","",,,,"CDGM-ZEMAX202409.txt","1.612929","36.986002"
"F3",,"F","3","",,,,"CDGM-ZEMAX202409.txt","1.616592","36.627394"
"F4",,"F","4","",,,,"CDGM-ZEMAX202409.txt","1.620047","36.35673"
"F5",,"F","5","",,,,"CDGM-ZEMAX202409.txt","1.624353","35.938411"
"F6",,"F","6","",,,,"CDGM-ZEMAX202409.txt","1.624954","35.577816"
"F7",,"F","7","",,,,"CDGM-ZEMAX202409.txt","1.636365","35.386204"
"F13",,"F","13","",,,,"CDGM-ZEMAX202409.txt","1.625884","35.713679"
"BAF2",,"BAF","2","",,,,"CDGM-ZEMAX202409.txt","1.569703","49.435926"
"BAF4",,"BAF","4","",,,,"CDGM-ZEMAX202409.txt","1.582712","46.505886"
"BAF5",,"BAF","5","",,,,"CDGM-ZEMAX202409.txt","1.605623","43.890292"
"BAF7",,"BAF","7","",,,,"CDGM-ZEMAX202409.txt","1.614131","40.025731"
"ZBAF2",,"ZBAF","2","",,,,"CDGM-ZEMAX202409.txt","1.639616","48.230454"
"ZBAF17",,"ZBAF","17","",,,,"CDGM-ZEMAX202409.txt","1.667554","41.957211"
"ZBAF51",,"ZBAF","51","",,,,"CDGM-ZEMAX202409.txt","1.682726","44.528543"
"ZF1",,"ZF","1","",,,,"CDGM-ZEMAX202409.txt","1.647693","33.836872"
"ZF2",,"ZF","2","",,,,"CDGM-ZEMAX202409.txt","1.672707","32.180986"
"ZF3",,"ZF","3","",,,,"CDGM-ZEMAX202409.txt","1.717365","29.510385"
"ZF4",,"ZF","4","",,,,"CDGM-ZEMAX202409.txt","1.728251","28.3239"
"ZF5",,"ZF","5","",,,,"CDGM-ZEMAX202409.txt","1.739999","28.245048"
"ZF8",,"ZF","8","",,,,"CDGM-ZEMAX202409.txt","1.65446","33.651201"
"ZF10",,"ZF","10","",,,,"CDGM-ZEMAX202409.txt","1.688934","31.184753"
"ZF11",,"ZF","11","",,,,"CDGM-ZEMAX202409.txt","1.698949","30.065686"
"ZF12",,"ZF","12","",,,,"CDGM-ZEMAX202409.txt","1.761822","26.555686"
"ZF13",,"ZF","13","",,,,"CDGM-ZEMAX202409.txt","1.784724","25.754051"
"ZF50",,"ZF","50","",,,,"CDGM-ZEMAX202409.txt","1.74077","27.76788"
"ZF51",,"ZF","51","",,,,"CDGM-ZEMAX202409.txt","1.784701","26.075871"
"H-ZF52A","H","ZF","52","A",,,,"CDGM-ZEMAX202409.txt","1.84667","23.791236"
"ZF52",,"ZF","52","",,,,"CDGM-ZEMAX202409.txt","1.846669","23.827549"
"H-ZLAF68B","H","ZLAF","68","B",,,,"CDGM-ZEMAX202409.txt","1.883004","40.806875"
"TF3",,"TF","3","",,,,"CDGM-ZEMAX202409.txt","1.612423","44.093486"
"H-TF8","H","TF","8","",,,,"CDGM-ZEMAX202409.txt","1.72046","34.757746"
"S-FK61","S","FK","61","",,,,"NHG202501.txt","1.496996","81.555509"
"H-FK61","H","FK","61","",,,,"NHG202501.txt","1.496996","81.555509"
"S-FK69","S","FK","69","",,,,"NHG202501.txt","1.592828","68.6293"
"H-FK69","H","FK","69","",,,,"NHG202501.txt","1.592828","68.6293"
"S-FK76","S","FK","76","",,,,"NHG202501.txt","1.550318","75.508716"
"H-FK76","H","FK","76","",,,,"NHG202501.txt","1.550318","75.508716"
"S-FK90","S","FK","90","",,,,"NHG202501.txt","1.458596","90.172097"
"H-FK90","H","FK","90","",,,,"NHG202501.txt","1.458596","90.172097"
"S-FK95","S","FK","95","",,,,"NHG202501.txt","1.437001","95.12334"
"H-FK95","H","FK","95","",,,,"NHG202501.txt","1.437001","95.12334"
"S-QK3L","S","QK","3","L",,,,"NHG202501.txt","1.487487","70.393467"
"H-QK3L","H","QK","3","L",,,,"NHG202501.txt","1.487487","70.393467"
"S-PK60","S","PK","60","",,,,"NHG202501.txt","1.593492","66.987879"
"H-PK60","H","PK","60","",,,,"NHG202501.txt","1.593492","66.987879"
"S-PK62A","S","PK","62","A",,,,"NHG202501.txt","1.617996","63.356702"
"H-PK62A","H","PK","62","A",,,,"NHG202501.txt","1.617996","63.356702"
"S-PK63","S","PK","63","",,,,"NHG202501.txt","1.603001","65.452382"
"H-PK63","H","PK","63","",,,,"NHG202501.txt","1.603001","65.452382"
"S-PK65","S","PK","65","",,,,"NHG202501.txt","1.619964","63.926917"
"H-PK65","H","PK","65","",,,,"NHG202501.txt","1.619964","63.926917"
"H-PK71","H","PK","71","",,,,"NHG202501.txt","1.569071","71.298607"
"S-PK71","S","PK","71","",,,,"NHG202501.txt","1.569071","71.298607"
"S-K6","S","K","6","",,,,"NHG202501.txt","1.511122","60.460477"
"H-K6","H","K","6","",,,,"NHG202501.txt","1.511122","60.460477"
"S-K9L","S","K","9","L",,,,"NHG202501.txt","1.516794","64.19914"
"H-K9L","H","K","9","L",,,,"NHG202501.txt","1.516794","64.19914"
"S-K10","S","K","10","",,,,"NHG202501.txt","1.518172","58.934085"
"H-K10","H","K","10","",,,,"NHG202501.txt","1.518172","58.934085"
"S-K12","S","K","12","",,,,"NHG202501.txt","1.533587","55.467409"
"H-K12","H","K","12","",,,,"NHG202501.txt","1.533587","55.467409"
"S-K51","S","K","51","",,,,"NHG202501.txt","1.523076","58.632139"
"H-K51","H","K","51","",,,,"NHG202501.txt","1.523076","58.632139"
"S-BAK2","S","BAK","2","",,,,"NHG202501.txt","1.53996","59.683117"
"H-BAK2","H","BAK","2","",,,,"NHG202501.txt","1.53996","59.683117"
"S-BAK7B","S","BAK","7","B",,,,"NHG202501.txt","1.568826","56.042013"
"H-BAK7B","H","BAK","7","B",,,,"NHG202501.txt","1.568826","56.042013"
"S-BAK8","S","BAK","8","",,,,"NHG202501.txt","1.572498","57.45189"
"H-BAK8","H","BAK","8","",,,,"NHG202501.txt","1.572498","57.45189"
"H-ZK2","H","ZK","2","",,,,"NHG202501.txt","1.58313","59.417874"
"S-ZK2","S","ZK","2","",,,,"NHG202501.txt","1.58313","59.417874"
"S-ZK3A","S","ZK","3","A",,,,"NHG202501.txt","1.589122","61.238816"
"H-ZK3A","H","ZK","3","A",,,,"NHG202501.txt","1.589122","61.238816"
"S-ZK6","S","ZK","6","",,,,"NHG202501.txt","1.612716","58.605083"
"H-ZK6","H","ZK","6","",,,,"NHG202501.txt","1.612716","58.605083"
"S-ZK7","S","ZK","7","",,,,"NHG202501.txt","1.613092","60.600573"
"H-ZK7","H","ZK","7","",,,,"NHG202501.txt","1.613092","60.600573"
"S-ZK9","S","ZK","9","",,,,"NHG202501.txt","1.620405","60.295118"
"H-ZK9","H","ZK","9","",,,,"NHG202501.txt","1.620405","60.295118"
"S-ZK9A","S","ZK","9","A",,,,"NHG202501.txt","1.620408","60.362686"
"H-ZK9A","H","ZK","9","A",,,,"NHG202501.txt","1.620408","60.362686"
"S-ZK10","S","ZK","10","",,,,"NHG202501.txt","1.622089","56.685961"
"H-ZK10","H","ZK","10","",,,,"NHG202501.txt","1.622089","56.685961"
"S-ZK10N","S","ZK","10","N",,,,"NHG202501.txt","1.622798","56.960007"
"H-ZK10N","H","ZK","10","N",,,,"NHG202501.txt","1.622798","56.960007"
"S-ZK11","S","ZK","11","",,,,"NHG202501.txt","1.638536","55.429194"
"H-ZK11","H","ZK","11","",,,,"NHG202501.txt","1.638536","55.429194"
"S-ZK14","S","ZK","14","",,,,"NHG202501.txt","1.603107","60.64783"
"H-ZK14","H","ZK","14","",,,,"NHG202501.txt","1.603107","60.64783"
"S-ZK20","S","ZK","20","",,,,"NHG202501.txt","1.617201","53.926963"
"H-ZK20","H","ZK","20","",,,,"NHG202501.txt","1.617201","53.926963"
"S-ZK21","S","ZK","21","",,,,"NHG202501.txt","1.622987","58.071717"
"H-ZK21","H","ZK","21","",,,,"NHG202501.txt","1.622987","58.071717"
"S-ZK50","S","ZK","50","",,,,"NHG202501.txt","1.607379","56.65374"
"H-ZK50","H","ZK","50","",,,,"NHG202501.txt","1.607379","56.65374"
"S-LAK1","S","LAK","1","",,,,"NHG202501.txt","1.659492","57.376144"
"H-LAK1","H","LAK","1","",,,,"NHG202501.txt","1.659492","57.376144"
"S-LAK2","S","LAK","2","",,,,"NHG202501.txt","1.690991","54.746808"
"H-LAK2","H","LAK","2","",,,,"NHG202501.txt","1.690991","54.746808"
"S-LAK2H","S","LAK","2","H",,,,"NHG202501.txt","1.692122","54.544682"
"H-LAK2H","H","LAK","2","H",,,,"NHG202501.txt","1.692122","54.544682"
"S-LAK3","S","LAK","3","",,,,"NHG202501.txt","1.746927","50.920218"
"H-LAK3","H","LAK","3","",,,,"NHG202501.txt","1.746927","50.920218"
"S-LAK4L","S","LAK","4","L",,,,"NHG202501.txt","1.639999","60.223112"
"H-LAK4L","H","LAK","4","L",,,,"NHG202501.txt","1.639999","60.223112"
"S-LAK5A","S","LAK","5","A",,,,"NHG202501.txt","1.677904","55.530426"
"H-LAK5A","H","LAK","5","A",,,,"NHG202501.txt","1.677904","55.530426"
"S-LAK6","S","LAK","6","",,,,"NHG202501.txt","1.693492","53.348586"
"H-LAK6","H","LAK","6","",,,,"NHG202501.txt","1.693492","53.348586"
"S-LAK7","S","LAK","7","",,,,"NHG202501.txt","1.712991","53.93191"
"H-LAK7","H","LAK","7","",,,,"NHG202501.txt","1.712991","53.93191"
"S-LAK8A","S","LAK","8","A",,,,"NHG202501.txt","1.719993","50.331734"
"H-LAK8A","H","LAK","8","A",,,,"NHG202501.txt","1.719993","50.331734"
"H-LAK8B","H","LAK","8","B",,,,"NHG202501.txt","1.72","50.342168"
"S-LAK8B","S","LAK","8","B",,,,"NHG202501.txt","1.72","50.342168"
"S-LAK9","S","LAK","9","",,,,"NHG202501.txt","1.699305","51.122987"
"H-LAK9","H","LAK","9","",,,,"NHG202501.txt","1.699305","51.122987"
"S-LAK10","S","LAK","10","",,,,"NHG202501.txt","1.651131","55.865006"
"H-LAK10","H","LAK","10","",,,,"NHG202501.txt","1.651131","55.865006"
"S-LAK11","S","LAK","11","",,,,"NHG202501.txt","1.650999","56.20998"
"H-LAK11","H","LAK","11","",,,,"NHG202501.txt","1.650999","56.20998"
"S-LAK12","S","LAK","12","",,,,"NHG202501.txt","1.69679","56.185558"
"H-LAK12","H","LAK","12","",,,,"NHG202501.txt","1.69679","56.185558"
"S-LAK50A","S","LAK","50","A",,,,"NHG202501.txt","1.651597","58.394259"
"H-LAK50A","H","LAK","50","A",,,,"NHG202501.txt","1.651597","58.394259"
"S-LAK51","S","LAK","51","",,,,"NHG202501.txt","1.696796","55.43873"
"H-LAK51","H","LAK","51","",,,,"NHG202501.txt","1.696796","55.43873"
"S-LAK51A","S","LAK","51","A",,,,"NHG202501.txt","1.696805","55.509508"
"H-LAK51A","H","LAK","51","A",,,,"NHG202501.txt","1.696805","55.509508"
"S-LAK52","S","LAK","52","",,,,"NHG202501.txt","1.729154","54.641724"
"H-LAK52","H","LAK","52","",,,,"NHG202501.txt","1.729154","54.641724"
"S-LAK53A","S","LAK","53","A",,,,"NHG202501.txt","1.754998","52.309243"
"H-LAK53A","H","LAK","53","A",,,,"NHG202501.txt","1.754998","52.309243"
"S-LAK53B","S","LAK","53","B",,,,"NHG202501.txt","1.755004","52.349145"
"H-LAK53B","H","LAK","53","B",,,,"NHG202501.txt","1.755004","52.349145"
"S-LAK54","S","LAK","54","",,,,"NHG202501.txt","1.733998","51.014759"
"H-LAK54","H","LAK","54","",,,,"NHG202501.txt","1.733998","51.014759"
"S-LAK61","S","LAK","61","",,,,"NHG202501.txt","1.740992","52.710509"
"H-LAK61","H","LAK","61","",,,,"NHG202501.txt","1.740992","52.710509"
"S-LAK68","S","LAK","68","",,,,"NHG202501.txt","1.677894","50.698751"
"H-LAK68","H","LAK","68","",,,,"NHG202501.txt","1.677894","50.698751"
"H-LAK72","H","LAK","72","",,,,"NHG202501.txt","1.724","52.497051"
"S-LAK72","S","LAK","72","",,,,"NHG202501.txt","1.724","52.497051"
"S-LAK77","S","LAK","77","",,,,"NHG202501.txt","1.775353","50.308672"
"H-LAK77","H","LAK","77","",,,,"NHG202501.txt","1.775353","50.308672"
"S-KF6","S","KF","6","",,,,"NHG202501.txt","1.517414","52.157709"
"H-KF6","H","KF","6","",,,,"NHG202501.txt","1.517414","52.157709"
"S-QF14","S","QF","14","",,,,"NHG202501.txt","1.595504","39.203759"
"H-QF14","H","QF","14","",,,,"NHG202501.txt","1.595504","39.203759"
"S-QF50","S","QF","50","",,,,"NHG202501.txt","1.581438","40.913154"
"H-QF50","H","QF","50","",,,,"NHG202501.txt","1.581438","40.913154"
"S-F1","S","F","1","",,,,"NHG202501.txt","1.603419","37.999741"
"H-F1","H","F","1","",,,,"NHG202501.txt","1.603419","37.999741"
"S-F4","S","F","4","",,,,"NHG202501.txt","1.620045","36.334097"
"H-F4","H","F","4","",,,,"NHG202501.txt","1.620045","36.334097"
"S-F13","S","F","13","",,,,"NHG202501.txt","1.625879","35.673663"
"H-F13","H","F","13","",,,,"NHG202501.txt","1.625879","35.673663"
"S-ZF1","S","ZF","1","",,,,"NHG202501.txt","1.647696","33.849224"
"H-ZF1","H","ZF","1","",,,,"NHG202501.txt","1.647696","33.849224"
"S-ZF1B","S","ZF","1","B",,,,"NHG202501.txt","1.647683","33.853976"
"H-ZF1B","H","ZF","1","B",,,,"NHG202501.txt","1.647683","33.853976"
"S-ZF2","S","ZF","2","",,,,"NHG202501.txt","1.672696","32.159878"
"H-ZF2","H","ZF","2","",,,,"NHG202501.txt","1.672696","32.159878"
"S-ZF3","S","ZF","3","",,,,"NHG202501.txt","1.717363","29.506542"
"H-ZF3","H","ZF","3","",,,,"NHG202501.txt","1.717363","29.506542"
"S-ZF4","S","ZF","4","",,,,"NHG202501.txt","1.728249","28.324976"
"H-ZF4","H","ZF","4","",,,,"NHG202501.txt","1.728249","28.324976"
"S-ZF4GT","S","ZF","4","GT",,,,"NHG202501.txt","1.728249","28.324976"
"H-ZF4A","H","ZF","4","A",,,,"NHG202501.txt","1.728248","28.318772"
"S-ZF4A","S","ZF","4","A",,,,"NHG202501.txt","1.728248","28.318772"
"H-ZF4AGT","H","ZF","4","AGT",,,,"NHG202501.txt","1.728248","28.318772"
"S-ZF4AGT","S","ZF","4","AGT",,,,"NHG202501.txt","1.728248","28.318772"
"H-ZF4GT","H","ZF","4","GT",,,,"NHG202501.txt","1.728249","28.324976"
"S-ZF5","S","ZF","5","",,,,"NHG202501.txt","1.74","28.290105"
"H-ZF5","H","ZF","5","",,,,"NHG202501.txt","1.74","28.290105"
"S-ZF5GT","S","ZF","5","GT",,,,"NHG202501.txt","1.74","28.290105"
"H-ZF5GT","H","ZF","5","GT",,,,"NHG202501.txt","1.74","28.290105"
"S-ZF6","S","ZF","6","",,,,"NHG202501.txt","1.755202","27.542325"
"H-ZF6","H","ZF","6","",,,,"NHG202501.txt","1.755202","27.542325"
"S-ZF6GT","S","ZF","6","GT",,,,"NHG202501.txt","1.755202","27.542325"
"H-ZF6GT","H","ZF","6","GT",,,,"NHG202501.txt","1.755202","27.542325"
"S-ZF7L","S","ZF","7","L",,,,"NHG202501.txt","1.805179","25.448202"
"H-ZF7L","H","ZF","7","L",,,,"NHG202501.txt","1.805179","25.448202"
"S-ZF7LGT","S","ZF","7","LGT",,,,"NHG202501.txt","1.805179","25.448202"
"H-ZF7LGT","H","ZF","7","LGT",,,,"NHG202501.txt","1.805179","25.448202"
"S-ZF10","S","ZF","10","",,,,"NHG202501.txt","1.688934","31.156917"
"H-ZF10","H","ZF","10","",,,,"NHG202501.txt","1.688934","31.156917"
"S-ZF11","S","ZF","11","",,,,"NHG202501.txt","1.69895","30.052043"
"H-ZF11","H","ZF","11","",,,,"NHG202501.txt","1.69895","30.052043"
"S-ZF12","S","ZF","12","",,,,"NHG202501.txt","1.761821","26.619569"
"H-ZF12","H","ZF","12","",,,,"NHG202501.txt","1.761821","26.619569"
"S-ZF12GT","S","ZF","12","GT",,,,"NHG202501.txt","1.761821","26.619569"
"H-ZF12GT","H","ZF","12","GT",,,,"NHG202501.txt","1.761821","26.619569"
"S-ZF13","S","ZF","13","",,,,"NHG202501.txt","1.78472","25.72922"
"H-ZF13","H","ZF","13","",,,,"NHG202501.txt","1.78472","25.72922"
"S-ZF13GT","S","ZF","13","GT",,,,"NHG202501.txt","1.78472","25.72922"
"H-ZF13GT","H","ZF","13","GT",,,,"NHG202501.txt","1.78472","25.72922"
"S-ZF50","S","ZF","50","",,,,"NHG202501.txt","1.740771","27.766042"
"H-ZF50","H","ZF","50","",,,,"NHG202501.txt","1.740771","27.766042"
"S-ZF50GT","S","ZF","50","GT",,,,"NHG202501.txt","1.740771","27.766042"
"H-ZF50GT","H","ZF","50","GT",,,,"NHG202501.txt","1.740771","27.766042"
"S-ZF52N","S","ZF","52","N",,,,"NHG202501.txt","1.846657","23.789972"
"H-ZF52N","H","ZF","52","N",,,,"NHG202501.txt","1.846657","23.789972"
"S-ZF52NGT","S","ZF","52","NGT",,,,"NHG202501.txt","1.846657","23.789972"
"H-ZF52NGT","H","ZF","52","NGT",,,,"NHG202501.txt","1.846657","23.789972"
"S-ZF56","S","ZF","56","",,,,"NHG202501.txt","1.854787","24.801665"
"H-ZF56","H","ZF","56","",,,,"NHG202501.txt","1.854787","24.801665"
"S-ZF62","S","ZF","62","",,,,"NHG202501.txt","1.922862","20.886305"
"H-ZF62","H","ZF","62","",,,,"NHG202501.txt","1.922862","20.886305"
"S-ZF62GT","S","ZF","62","GT",,,,"NHG202501.txt","1.922862","20.886305"
"H-ZF62GT","H","ZF","62","GT",,,,"NHG202501.txt","1.922862","20.886305"
"S-ZF72B","S","ZF","72","B",,,,"NHG202501.txt","1.922857","18.899816"
"H-ZF72B","H","ZF","72","B",,,,"NHG202501.txt","1.922857","18.899816"
"S-ZF72GT","S","ZF","72","GT",,,,"NHG202501.txt","1.922857","18.899816"
"H-ZF72GT","H","ZF","72","GT",,,,"NHG202501.txt","1.922857","18.899816"
"S-ZF75A","S","ZF","75","A",,,,"NHG202501.txt","1.945948","17.988963"
"H-ZF75A","H","ZF","75","A",,,,"NHG202501.txt","1.945948","17.988963"
"S-ZF75GT","S","ZF","75","GT",,,,"NHG202501.txt","1.945948","17.988963"
"H-ZF75GT","H","ZF","75","GT",,,,"NHG202501.txt","1.945948","17.988963"
"S-ZF76","S","ZF","76","",,,,"NHG202501.txt","1.959059","17.47225"
"H-ZF76","H","ZF","76","",,,,"NHG202501.txt","1.959059","17.47225"
"S-TF3L","S","TF","3","L",,,,"NHG202501.txt","1.613394","44.124974"
"H-TF3L","H","TF","3","L",,,,"NHG202501.txt","1.613394","44.124974"
"S-ZBAF3","S","ZBAF","3","",,,,"NHG202501.txt","1.656911","51.144642"
"H-ZBAF3","H","ZBAF","3","",,,,"NHG202501.txt","1.656911","51.144642"
"S-ZBAF5","S","ZBAF","5","",,,,"NHG202501.txt","1.671025","47.292797"
"H-ZBAF5","H","ZBAF","5","",,,,"NHG202501.txt","1.671025","47.292797"
"S-ZBAF10","S","ZBAF","10","",,,,"NHG202501.txt","1.617726","49.806812"
"H-ZBAF10","H","ZBAF","10","",,,,"NHG202501.txt","1.617726","49.806812"
"S-ZBAF16","S","ZBAF","16","",,,,"NHG202501.txt","1.666715","48.396742"
"H-ZBAF16","H","ZBAF","16","",,,,"NHG202501.txt","1.666715","48.396742"
"S-ZBAF16A","S","ZBAF","16","A",,,,"NHG202501.txt","1.666719","48.409116"
"H-ZBAF16A","H","ZBAF","16","A",,,,"NHG202501.txt","1.666719","48.409116"
"S-ZBAF20","S","ZBAF","20","",,,,"NHG202501.txt","1.701541","41.176531"
"H-ZBAF20","H","ZBAF","20","",,,,"NHG202501.txt","1.701541","41.176531"
"S-ZBAF21","S","ZBAF","21","",,,,"NHG202501.txt","1.723412","37.999234"
"H-ZBAF21","H","ZBAF","21","",,,,"NHG202501.txt","1.723412","37.999234"
"S-ZBAF50","S","ZBAF","50","",,,,"NHG202501.txt","1.658436","50.844235"
"H-ZBAF50","H","ZBAF","50","",,,,"NHG202501.txt","1.658436","50.844235"
"S-ZBAF52","S","ZBAF","52","",,,,"NHG202501.txt","1.670029","47.195831"
"H-ZBAF52","H","ZBAF","52","",,,,"NHG202501.txt","1.670029","47.195831"
"S-ZBAF65","S","ZBAF","65","",,,,"NHG202501.txt","1.654113","39.676229"
"H-ZBAF65","H","ZBAF","65","",,,,"NHG202501.txt","1.654113","39.676229"
"S-LAF1","S","LAF","1","",,,,"NHG202501.txt","1.693622","49.204598"
"H-LAF1","H","LAF","1","",,,,"NHG202501.txt","1.693622","49.204598"
"S-LAF2","S","LAF","2","",,,,"NHG202501.txt","1.716986","47.896793"
"H-LAF2","H","LAF","2","",,,,"NHG202501.txt","1.716986","47.896793"
"S-LAF2A","S","LAF","2","A",,,,"NHG202501.txt","1.716997","47.895527"
"H-LAF2A","H","LAF","2","A",,,,"NHG202501.txt","1.716997","47.895527"
"S-LAF3B","S","LAF","3","B",,,,"NHG202501.txt","1.744","44.892639"
"H-LAF3B","H","LAF","3","B",,,,"NHG202501.txt","1.744","44.892639"
"H-LAF3C","H","LAF","3","C",,,,"NHG202501.txt","1.743998","44.902483"
"S-LAF3C","S","LAF","3","C",,,,"NHG202501.txt","1.743998","44.902483"
"S-LAF4","S","LAF","4","",,,,"NHG202501.txt","1.7495","35.011465"
"H-LAF4","H","LAF","4","",,,,"NHG202501.txt","1.7495","35.011465"
"S-LAF4A","S","LAF","4","A",,,,"NHG202501.txt","1.749499","35.022728"
"H-LAF4A","H","LAF","4","A",,,,"NHG202501.txt","1.749499","35.022728"
"S-LAF6LB","S","LAF","6","LB",,,,"NHG202501.txt","1.756995","47.698657"
"H-LAF6LB","H","LAF","6","LB",,,,"NHG202501.txt","1.756995","47.698657"
"S-LAF7","S","LAF","7","",,,,"NHG202501.txt","1.78179","37.078745"
"H-LAF7","H","LAF","7","",,,,"NHG202501.txt","1.78179","37.078745"
"S-LAF10A","S","LAF","10","A",,,,"NHG202501.txt","1.787993","47.469992"
"H-LAF10A","H","LAF","10","A",,,,"NHG202501.txt","1.787993","47.469992"
"S-LAF50","S","LAF","50","",,,,"NHG202501.txt","1.772494","49.578677"
"H-LAF50","H","LAF","50","",,,,"NHG202501.txt","1.772494","49.578677"
"S-LAF50B","S","LAF","50","B",,,,"NHG202501.txt","1.772497","49.598857"
"H-LAF50B","H","LAF","50","B",,,,"NHG202501.txt","1.772497","49.598857"
"S-LAF51","S","LAF","51","",,,,"NHG202501.txt","1.699992","48.056847"
"H-LAF51","H","LAF","51","",,,,"NHG202501.txt","1.699992","48.056847"
"S-LAF52","S","LAF","52","",,,,"NHG202501.txt","1.785895","44.174617"
"H-LAF52","H","LAF","52","",,,,"NHG202501.txt","1.785895","44.174617"
"S-LAF53","S","LAF","53","",,,,"NHG202501.txt","1.743297","49.238486"
"H-LAF53","H","LAF","53","",,,,"NHG202501.txt","1.743297","49.238486"
"S-LAF54","S","LAF","54","",,,,"NHG202501.txt","1.799497","42.320071"
"H-LAF54","H","LAF","54","",,,,"NHG202501.txt","1.799497","42.320071"
"S-LAF55","S","LAF","55","",,,,"NHG202501.txt","1.749505","35.336343"
"H-LAF55","H","LAF","55","",,,,"NHG202501.txt","1.749505","35.336343"
"S-LAF56","S","LAF","56","",,,,"NHG202501.txt","1.799517","42.241245"
"H-LAF56","H","LAF","56","",,,,"NHG202501.txt","1.799517","42.241245"
"S-LAF62","S","LAF","62","",,,,"NHG202501.txt","1.720003","43.658445"
"H-LAF62","H","LAF","62","",,,,"NHG202501.txt","1.720003","43.658445"
"S-LAF72","S","LAF","72","",,,,"NHG202501.txt","1.720001","46.034845"
"H-LAF72","H","LAF","72","",,,,"NHG202501.txt","1.720001","46.034845"
"S-LAF76","S","LAF","76","",,,,"NHG202501.txt","1.762005","40.086686"
"H-LAF76","H","LAF","76","",,,,"NHG202501.txt","1.762005","40.086686"
"S-ZLAF1","S","ZLAF","1","",,,,"NHG202501.txt","1.801654","44.27017"
"H-ZLAF1","H","ZLAF","1","",,,,"NHG202501.txt","1.801654","44.27017"
"S-ZLAF2","S","ZLAF","2","",,,,"NHG202501.txt","1.802784","46.727914"
"H-ZLAF2","H","ZLAF","2","",,,,"NHG202501.txt","1.802784","46.727914"
"S-ZLAF3","S","ZLAF","3","",,,,"NHG202501.txt","1.855442","36.570666"
"H-ZLAF3","H","ZLAF","3","",,,,"NHG202501.txt","1.855442","36.570666"
"S-ZLAF50","S","ZLAF","50","",,,,"NHG202501.txt","1.803999","46.56056"
"H-ZLAF50","H","ZLAF","50","",,,,"NHG202501.txt","1.803999","46.56056"
"S-ZLAF51","S","ZLAF","51","",,,,"NHG202501.txt","1.804501","39.621321"
"H-ZLAF51","H","ZLAF","51","",,,,"NHG202501.txt","1.804501","39.621321"
"S-ZLAF52","S","ZLAF","52","",,,,"NHG202501.txt","1.8061","40.92767"
"H-ZLAF52","H","ZLAF","52","",,,,"NHG202501.txt","1.8061","40.92767"
"S-ZLAF53","S","ZLAF","53","",,,,"NHG202501.txt","1.833996","37.3209"
"H-ZLAF53","H","ZLAF","53","",,,,"NHG202501.txt","1.833996","37.3209"
"S-ZLAF54","S","ZLAF","54","",,,,"NHG202501.txt","1.815997","46.543399"
"H-ZLAF54","H","ZLAF","54","",,,,"NHG202501.txt","1.815997","46.543399"
"H-ZLAF54A","H","ZLAF","54","A",,,,"NHG202501.txt","1.815999","46.551778"
"S-ZLAF54A","S","ZLAF","54","A",,,,"NHG202501.txt","1.815999","46.551778"
"S-ZLAF55F","S","ZLAF","55","F",,,,"NHG202501.txt","1.834796","42.72929"
"H-ZLAF55F","H","ZLAF","55","F",,,,"NHG202501.txt","1.834796","42.72929"
"S-ZLAF56","S","ZLAF","56","",,,,"NHG202501.txt","1.806095","33.25428"
"H-ZLAF56","H","ZLAF","56","",,,,"NHG202501.txt","1.806095","33.25428"
"S-ZLAF56B","S","ZLAF","56","B",,,,"NHG202501.txt","1.806096","33.266041"
"H-ZLAF56B","H","ZLAF","56","B",,,,"NHG202501.txt","1.806096","33.266041"
"S-ZLAF57","S","ZLAF","57","",,,,"NHG202501.txt","1.800006","29.832716"
"H-ZLAF57","H","ZLAF","57","",,,,"NHG202501.txt","1.800006","29.832716"
"S-ZLAF59","S","ZLAF","59","",,,,"NHG202501.txt","1.8515","40.760621"
"H-ZLAF59","H","ZLAF","59","",,,,"NHG202501.txt","1.8515","40.760621"
"S-ZLAF60","S","ZLAF","60","",,,,"NHG202501.txt","1.850266","32.267394"
"H-ZLAF60","H","ZLAF","60","",,,,"NHG202501.txt","1.850266","32.267394"
"S-ZLAF60GT","S","ZLAF","60","GT",,,,"NHG202501.txt","1.850266","32.267394"
"H-ZLAF60GT","H","ZLAF","60","GT",,,,"NHG202501.txt","1.850266","32.267394"
"H-ZLAF60A","H","ZLAF","60","A",,,,"NHG202501.txt","1.850262","32.27262"
"S-ZLAF60A","S","ZLAF","60","A",,,,"NHG202501.txt","1.850262","32.27262"
"S-ZLAF64","S","ZLAF","64","",,,,"NHG202501.txt","1.870704","40.733655"
"H-ZLAF64","H","ZLAF","64","",,,,"NHG202501.txt","1.870704","40.733655"
"S-ZLAF65","S","ZLAF","65","",,,,"NHG202501.txt","1.874085","30.553714"
"H-ZLAF65","H","ZLAF","65","",,,,"NHG202501.txt","1.874085","30.553714"
"S-ZLAF66A","S","ZLAF","66","A",,,,"NHG202501.txt","1.800988","34.975184"
"H-ZLAF66A","H","ZLAF","66","A",,,,"NHG202501.txt","1.800988","34.975184"
"S-ZLAF67","S","ZLAF","67","",,,,"NHG202501.txt","1.881002","40.129704"
"H-ZLAF67","H","ZLAF","67","",,,,"NHG202501.txt","1.881002","40.129704"
"S-ZLAF68A","S","ZLAF","68","A",,,,"NHG202501.txt","1.882993","40.785419"
"H-ZLAF68A","H","ZLAF","68","A",,,,"NHG202501.txt","1.882993","40.785419"
"S-ZLAF68L","S","ZLAF","68","L",,,,"NHG202501.txt","1.883008","39.22153"
"H-ZLAF68L","H","ZLAF","68","L",,,,"NHG202501.txt","1.883008","39.22153"
"S-ZLAF70","S","ZLAF","70","",,,,"NHG202501.txt","1.903664","31.315705"
"H-ZLAF70","H","ZLAF","70","",,,,"NHG202501.txt","1.903664","31.315705"
"S-ZLAF70GT","S","ZLAF","70","GT",,,,"NHG202501.txt","1.903664","31.315705"
"H-ZLAF70GT","H","ZLAF","70","GT",,,,"NHG202501.txt","1.903664","31.315705"
"S-ZLAF70B","S","ZLAF","70","B",,,,"NHG202501.txt","1.903653","31.299045"
"H-ZLAF70B","H","ZLAF","70","B",,,,"NHG202501.txt","1.903653","31.299045"
"S-ZLAF72","S","ZLAF","72","",,,,"NHG202501.txt","1.91082","35.237922"
"H-ZLAF72","H","ZLAF","72","",,,,"NHG202501.txt","1.91082","35.237922"
"S-ZLAF72A","S","ZLAF","72","A",,,,"NHG202501.txt","1.91082","35.252177"
"H-ZLAF72A","H","ZLAF","72","A",,,,"NHG202501.txt","1.91082","35.252177"
"S-ZLAF75","S","ZLAF","75","",,,,"NHG202501.txt","1.950007","29.372612"
"H-ZLAF75","H","ZLAF","75","",,,,"NHG202501.txt","1.950007","29.372612"
"S-ZLAF76","S","ZLAF","76","",,,,"NHG202501.txt","1.850134","30.065285"
"H-ZLAF76","H","ZLAF","76","",,,,"NHG202501.txt","1.850134","30.065285"
"H-ZLAF76A","H","ZLAF","76","A",,,,"NHG202501.txt","1.850126","30.058678"
"S-ZLAF76A","S","ZLAF","76","A",,,,"NHG202501.txt","1.850126","30.058678"
"S-ZLAF77A","S","ZLAF","77","A",,,,"NHG202501.txt","1.953751","32.312957"
"H-ZLAF77A","H","ZLAF","77","A",,,,"NHG202501.txt","1.953751","32.312957"
"S-ZLAF78","S","ZLAF","78","",,,,"NHG202501.txt","1.900684","37.116053"
"H-ZLAF78","H","ZLAF","78","",,,,"NHG202501.txt","1.900684","37.116053"
"S-ZLAF79","S","ZLAF","79","",,,,"NHG202501.txt","1.921193","23.956514"
"H-ZLAF79","H","ZLAF","79","",,,,"NHG202501.txt","1.921193","23.956514"
"S-ZLAF80","S","ZLAF","80","",,,,"NHG202501.txt","2.000693","25.466293"
"H-ZLAF80","H","ZLAF","80","",,,,"NHG202501.txt","2.000693","25.466293"
"H-ZLAF80A","H","ZLAF","80","A",,,,"NHG202501.txt","2.000693","25.466293"
"S-ZLAF80A","S","ZLAF","80","A",,,,"NHG202501.txt","2.000693","25.466293"
"S-ZLAF82","S","ZLAF","82","",,,,"NHG202501.txt","2.001002","29.133646"
"H-ZLAF82","H","ZLAF","82","",,,,"NHG202501.txt","2.001002","29.133646"
"H-ZLAF82GT","H","ZLAF","82","GT",,,,"NHG202501.txt","2.001002","29.133646"
"S-ZLAF82GT","S","ZLAF","82","GT",,,,"NHG202501.txt","2.001002","29.133646"
"S-ZLAF86","S","ZLAF","86","",,,,"NHG202501.txt","1.882518","26.995659"
"H-ZLAF86","H","ZLAF","86","",,,,"NHG202501.txt","1.882518","26.995659"
"S-ZLAF95","S","ZLAF","95","",,,,"NHG202501.txt","2.050907","26.954089"
"H-ZLAF95","H","ZLAF","95","",,,,"NHG202501.txt","2.050907","26.954089"
"S-BIF200","S","BIF","200","",,,,"NHG202501.txt","2.002722","19.315968"
"H-BIF200","H","BIF","200","",,,,"NHG202501.txt","2.002722","19.315968"
"L-FK61","L","FK","61","",,,,"NHG202501.txt","1.496996","81.555509"
"D-FK61","D","FK","61","",,,,"NHG202501.txt","1.496996","81.555509"
"L-FK61@MY","L","FK","61","",,"MY",,"NHG202501.txt","1.495818","81.575229"
"D-FK61@MY","D","FK","61","",,"MY",,"NHG202501.txt","1.495818","81.575229"
"L-FK90","L","FK","90","",,,,"NHG202501.txt","1.458596","90.172097"
"D-FK90","D","FK","90","",,,,"NHG202501.txt","1.458596","90.172097"
"L-FK90@MY","L","FK","90","",,"MY",,"NHG202501.txt","1.457637","90.184389"
"D-FK90@MY","D","FK","90","",,"MY",,"NHG202501.txt","1.457637","90.184389"
"L-FK95","L","FK","95","",,,,"NHG202501.txt","1.437001","95.12334"
"D-FK95","D","FK","95","",,,,"NHG202501.txt","1.437001","95.12334"
"L-FK95@MY","L","FK","95","",,"MY",,"NHG202501.txt","1.436207","94.909412"
"D-FK95@MY","D","FK","95","",,"MY",,"NHG202501.txt","1.436207","94.909412"
"L-K9","L","K","9","",,,,"NHG202501.txt","1.516326","64.06745"
"D-K9","D","K","9","",,,,"NHG202501.txt","1.516326","64.06745"
"L-K9@MY","L","K","9","",,"MY",,"NHG202501.txt","1.515115","64.058153"
"D-K9@MY","D","K","9","",,"MY",,"NHG202501.txt","1.515115","64.058153"
"L-PK60","L","PK","60","",,,,"NHG202501.txt","1.592009","66.950041"
"D-PK60","D","PK","60","",,,,"NHG202501.txt","1.592009","66.950041"
"L-PK60@MY","L","PK","60","",,"MY",,"NHG202501.txt","1.58983","66.851898"
"D-PK60@MY","D","PK","60","",,"MY",,"NHG202501.txt","1.58983","66.851898"
"L-PK62","L","PK","62","",,,,"NHG202501.txt","1.618804","63.820797"
"D-PK62","D","PK","62","",,,,"NHG202501.txt","1.618804","63.820797"
"L-PK62@MY","L","PK","62","",,"MY",,"NHG202501.txt","1.616798","63.510315"
"D-PK62@MY","D","PK","62","",,"MY",,"NHG202501.txt","1.616798","63.510315"
"D-PK62-118","D","PK","62","","118",,,"NHG202501.txt","1.62087","63.827945"
"L-PK70","L","PK","70","",,,,"NHG202501.txt","1.525","70.26177"
"D-PK70","D","PK","70","",,,,"NHG202501.txt","1.525","70.26177"
"L-PK70@MY","L","PK","70","",,"MY",,"NHG202501.txt","1.521256","70.303523"
"D-PK70@MY","D","PK","70","",,"MY",,"NHG202501.txt","1.521256","70.303523"
"L-ZK2N","L","ZK","2","N",,,,"NHG202501.txt","1.587002","59.592198"
"D-ZK2N","D","ZK","2","N",,,,"NHG202501.txt","1.587002","59.592198"
"L-ZK2N@MY","L","ZK","2","N",,"MY",,"NHG202501.txt","1.585121","59.445681"
"D-ZK2N@MY","D","ZK","2","N",,"MY",,"NHG202501.txt","1.585121","59.445681"
"L-ZK3L","L","ZK","3","L",,,,"NHG202501.txt","1.589127","61.214718"
"D-ZK3L","D","ZK","3","L",,,,"NHG202501.txt","1.589127","61.214718"
"L-ZK3L@MY","L","ZK","3","L",,"MY",,"NHG202501.txt","1.587065","61.086256"
"D-ZK3L@MY","D","ZK","3","L",,"MY",,"NHG202501.txt","1.587065","61.086256"
"L-ZK50","L","ZK","50","",,,,"NHG202501.txt","1.608858","57.913793"
"D-ZK50","D","ZK","50","",,,,"NHG202501.txt","1.608858","57.913793"
"L-ZK50@MY","L","ZK","50","",,"MY",,"NHG202501.txt","1.606656","57.739755"
"D-ZK50@MY","D","ZK","50","",,"MY",,"NHG202501.txt","1.606656","57.739755"
"L-LAK6","L","LAK","6","",,,,"NHG202501.txt","1.693496","53.187004"
"D-LAK6","D","LAK","6","",,,,"NHG202501.txt","1.693496","53.187004"
"L-LAK6@MY","L","LAK","6","",,"MY",,"NHG202501.txt","1.69081","53.017919"
"D-LAK6@MY","D","LAK","6","",,"MY",,"NHG202501.txt","1.69081","53.017919"
"L-ZF10","L","ZF","10","",,,,"NHG202501.txt","1.688941","31.094838"
"D-ZF10","D","ZF","10","",,,,"NHG202501.txt","1.688941","31.094838"
"L-ZF10@MY","L","ZF","10","",,"MY",,"NHG202501.txt","1.684573","31.276862"
"D-ZF10@MY","D","ZF","10","",,"MY",,"NHG202501.txt","1.684573","31.276862"
"L-ZF10A","L","ZF","10","A",,,,"NHG202501.txt","1.68893","31.075184"
"D-ZF10A","D","ZF","10","A",,,,"NHG202501.txt","1.68893","31.075184"
"L-ZF10A@MY","L","ZF","10","A",,"MY",,"NHG202501.txt","1.685281","31.280136"
"D-ZF10A@MY","D","ZF","10","A",,"MY",,"NHG202501.txt","1.685281","31.280136"
"L-ZF52N","L","ZF","52","N",,,,"NHG202501.txt","1.846657","23.774737"
"D-ZF52N","D","ZF","52","N",,,,"NHG202501.txt","1.846657","23.774737"
"L-ZF52N@MY","L","ZF","52","N",,"MY",,"NHG202501.txt","1.841269","23.943263"
"D-ZF52N@MY","D","ZF","52","N",,"MY",,"NHG202501.txt","1.841269","23.943263"
"L-ZF93","L","ZF","93","",,,,"NHG202501.txt","2.001708","20.702338"
"D-ZF93","D","ZF","93","",,,,"NHG202501.txt","2.001708","20.702338"
"L-LAF050","L","LAF","050","",,,,"NHG202501.txt","1.768011","49.240158"
"D-LAF050","D","LAF","050","",,,,"NHG202501.txt","1.768011","49.240158"
"L-LAF050@MY","L","LAF","050","",,"MY",,"NHG202501.txt","1.765171","49.217926"
"D-LAF050@MY","D","LAF","050","",,"MY",,"NHG202501.txt","1.765171","49.217926"
"L-LAF50","L","LAF","50","",,,,"NHG202501.txt","1.772495","49.46528"
"D-LAF50","D","LAF","50","",,,,"NHG202501.txt","1.772495","49.46528"
"L-LAF50@MY","L","LAF","50","",,"MY",,"NHG202501.txt","1.769633","49.32991"
"D-LAF50@MY","D","LAF","50","",,"MY",,"NHG202501.txt","1.769633","49.32991"
"L-LAF50-170","L","LAF","50","","170",,,"NHG202501.txt","1.774196","49.412664"
"D-LAF50-170","D","LAF","50","","170",,,"NHG202501.txt","1.774196","49.412664"
"L-LAF50-170@MY","L","LAF","50","","170","MY",,"NHG202501.txt","1.771333","49.254187"
"D-LAF50-170@MY","D","LAF","50","","170","MY",,"NHG202501.txt","1.771333","49.254187"
"L-LAF731","L","LAF","731","",,,,"NHG202501.txt","1.730765","40.505047"
"D-LAF731","D","LAF","731","",,,,"NHG202501.txt","1.730765","40.505047"
"L-LAF731@MY","L","LAF","731","",,"MY",,"NHG202501.txt","1.72869","40.412434"
"D-LAF731@MY","D","LAF","731","",,"MY",,"NHG202501.txt","1.72869","40.412434"
"L-LAF743","L","LAF","743","",,,,"NHG202501.txt","1.743301","49.337395"
"D-LAF743","D","LAF","743","",,,,"NHG202501.txt","1.743301","49.337395"
"L-LAF743@MY","L","LAF","743","",,"MY",,"NHG202501.txt","1.740608","49.280811"
"D-LAF743@MY","D","LAF","743","",,"MY",,"NHG202501.txt","1.740608","49.280811"
"L-ZLAF50","L","ZLAF","50","",,,,"NHG202501.txt","1.801377","45.432639"
"D-ZLAF50","D","ZLAF","50","",,,,"NHG202501.txt","1.801377","45.432639"
"L-ZLAF52L","L","ZLAF","52","L",,,,"NHG202501.txt","1.806098","40.720842"
"D-ZLAF52L","D","ZLAF","52","L",,,,"NHG202501.txt","1.806098","40.720842"
"L-ZLAF52L@MY","L","ZLAF","52","L",,"MY",,"NHG202501.txt","1.803423","40.687831"
"D-ZLAF52L@MY","D","ZLAF","52","L",,"MY",,"NHG202501.txt","1.803423","40.687831"
"L-ZLAF52N","L","ZLAF","52","N",,,,"NHG202501.txt","1.809992","41.012662"
"D-ZLAF52N","D","ZLAF","52","N",,,,"NHG202501.txt","1.809992","41.012662"
"L-ZLAF52N@MY","L","ZLAF","52","N",,"MY",,"NHG202501.txt","1.807311","40.957648"
"D-ZLAF52N@MY","D","ZLAF","52","N",,"MY",,"NHG202501.txt","1.807311","40.957648"
"L-ZLAF53","L","ZLAF","53","",,,,"NHG202501.txt","1.834407","37.267764"
"D-ZLAF53","D","ZLAF","53","",,,,"NHG202501.txt","1.834407","37.267764"
"L-ZLAF53@MY","L","ZLAF","53","",,"MY",,"NHG202501.txt","1.830883","37.183277"
"D-ZLAF53@MY","D","ZLAF","53","",,"MY",,"NHG202501.txt","1.830883","37.183277"
"L-ZLAF814","L","ZLAF","814","",,,,"NHG202501.txt","1.814743","37.039035"
"D-ZLAF814","D","ZLAF","814","",,,,"NHG202501.txt","1.814743","37.039035"
"L-ZLAF814@MY","L","ZLAF","814","",,"MY",,"NHG202501.txt","1.811259","37.08392"
"D-ZLAF814@MY","D","ZLAF","814","",,"MY",,"NHG202501.txt","1.811259","37.08392"
"L-ZLAF851","L","ZLAF","851","",,,,"NHG202501.txt","1.851348","40.098795"
"D-ZLAF851","D","ZLAF","851","",,,,"NHG202501.txt","1.851348","40.098795"
"L-ZLAF851@MY","L","ZLAF","851","",,"MY",,"NHG202501.txt","1.848506","40.060413"
"D-ZLAF851@MY","D","ZLAF","851","",,"MY",,"NHG202501.txt","1.848506","40.060413"
"F4",,"F","4","",,,,"NHG202501.txt","1.620047","36.340514"
"ZF1",,"ZF","1","",,,,"NHG202501.txt","1.647693","33.832464"
"ZF2",,"ZF","2","",,,,"NHG202501.txt","1.672702","32.169327"
"ZF3",,"ZF","3","",,,,"NHG202501.txt","1.717368","29.498247"
"ZF4",,"ZF","4","",,,,"NHG202501.txt","1.728257","28.328065"
"ZF6",,"ZF","6","",,,,"NHG202501.txt","1.755209","27.540108"
"ZF7L",,"ZF","7","L",,,,"NHG202501.txt","1.805187","25.457996"
"ZF13",,"ZF","13","",,,,"NHG202501.txt","1.78472","25.754997"
"LAF5",,"LAF","5","",,,,"NHG202501.txt","1.75364","37.67144"
"ZLAF58",,"ZLAF","58","",,,,"NHG202501.txt","1.80336","31.443231"
"IRG102",,"IRG","102","",,,,"NHG202501.txt","1.679506","53.248942"
"IRG104",,"IRG","104","",,,,"NHG202501.txt","1.662518","57.090442"
"IRG105",,"IRG","105","",,,,"NHG202501.txt","1.946277","22.754122"
"IRG201",,"IRG","201","",,,,"NHG202501.txt","0","4.42"
"IRG202",,"IRG","202","",,,,"NHG202501.txt","0","4.41"
"IRG203",,"IRG","203","",,,,"NHG202501.txt","0","4.71"
"IRG204",,"IRG","204","",,,,"NHG202501.txt","0","4.72"
"IRG205",,"IRG","205","",,,,"NHG202501.txt","0","4.68"
"IRG206",,"IRG","206","",,,,"NHG202501.txt","0","4.63"
"IRG207",,"IRG","207","",,,,"NHG202501.txt","0","4.49"
"IRG208",,"IRG","208","",,,,"NHG202501.txt","0","3.19"
"IRG209",,"IRG","209","",,,,"NHG202501.txt","0","5.31"
"OKP4HTL",,"OKP","4","HTL",,,,"PLASTIC2020.txt","1.632809","23.335639"
"OKP1",,"OKP","1","",,,,"PLASTIC2020.txt","1.642199","22.408848"
"APL5014",,"APL","5014","",,,,"PLASTIC2020.txt","1.544502","55.991882"
"APL5014CL",,"APL","5014","CL",,,,"PLASTIC2020.txt","1.544502","55.986991"
"AD5503",,"AD","5503","",,,,"PLASTIC2020.txt","1.584178","30.374199"
"APL5514ML",,"APL","5514","ML",,,,"PLASTIC2020.txt","1.544919","55.929938"
"EP3500",,"EP","3500","",,,,"PLASTIC2020.txt","1.57309","37.665527"
"EP4500",,"EP","4500","",,,,"PLASTIC2020.txt","1.616094","25.794582"
"EP5000",,"EP","5000","",,,,"PLASTIC2020.txt","1.636164","23.916758"
"EP6000",,"EP","6000","",,,,"PLASTIC2020.txt","1.639746","23.503337"
"EP7000",,"EP","7000","",,,,"PLASTIC2020.txt","1.65079","21.544648"
"EP8000",,"EP","8000","",,,,"PLASTIC2020.txt","1.661316","20.381513"
"EP9000",,"EP","9000","",,,,"PLASTIC2020.txt","1.671385","19.275802"
"OKP4",,"OKP","4","",,,,"PLASTIC2020.txt","1.607283","26.645105"
"OKP4HT",,"OKP","4","HT",,,,"PLASTIC2020.txt","1.631911","23.415194"
"SP-1516",,"SP","","","1516",,,"PLASTIC2020.txt","1.614301","25.754003"
"SP-3810",,"SP","","","3810",,,"PLASTIC2020.txt","1.639267","23.352359"
"SP-5580",,"SP","","","5580",,,"PLASTIC2020.txt","1.585002","28.210316"
"F4520",,"F","4520","",,,,"PLASTIC2020.txt","1.511159","57.124179"
"T62R",,"T","62","R",,,,"PLASTIC2020.txt","1.536497","55.980688"
"F52R",,"F","52","R",,,,"PLASTIC2020.txt","1.534611","56.072141"
"E48R",,"E","48","R",,,,"PLASTIC2020.txt","1.531131","55.753857"
"K26R",,"K","26","R",,,,"PLASTIC2020.txt","1.535037","55.7107"
"APL5014GH",,"APL","5014","GH",,,,"PLASTIC2020.txt","1.544919","55.929938"
